num; time(us); accX(g); accY(g); accZ(g); gyrX(o/s); gyrY(o/s); gyrZ(o/s);p
1;0;0.999023;0.090332;-0.073730;1.006098;0.030488;-0.731707;0
2;1696;1.001953;0.095215;-0.074707;1.067073;-0.060976;-0.823171;0
3;3391;0.998047;0.091797;-0.075684;1.097561;0.060976;-0.975610;0
4;5090;1.001465;0.095215;-0.067383;1.097561;-0.182927;-0.823171;0
5;6789;1.005371;0.092773;-0.069824;0.945122;-0.060976;-0.823171;0
6;8572;1.004883;0.090820;-0.073242;0.731707;-0.030488;-0.884146;0
7;10295;1.002441;0.088867;-0.082520;1.036585;0.091463;-0.884146;0
8;11998;1.004395;0.085938;-0.074707;1.128049;0.030488;-0.853659;0
9;13701;1.008301;0.093750;-0.084961;1.371951;-0.274390;-0.914634;0
10;15399;1.007812;0.092773;-0.079102;0.792683;0.030488;-0.762195;0
11;17096;1.008301;0.090332;-0.065918;0.762195;0.060976;-0.975610;0
12;18790;0.994629;0.094727;-0.082031;1.036585;0.182927;-0.945122;0
13;20482;0.995605;0.092285;-0.084473;1.128049;0.091463;-0.945122;0
14;22184;0.996582;0.100098;-0.078613;1.067073;-0.091463;-1.097561;0
15;23885;1.006836;0.094238;-0.075195;0.975610;-0.030488;-0.945122;0
16;25585;1.003906;0.095215;-0.072754;1.158537;0.243902;-1.006098;0
17;27280;1.007324;0.098633;-0.073730;1.250000;-0.091463;-0.945122;0
18;28974;1.008301;0.097168;-0.078613;0.670732;-0.091463;-0.884146;0
19;30685;1.006836;0.089844;-0.082520;0.975610;-0.030488;-0.914634;0
20;32377;0.999023;0.091797;-0.071289;1.036585;-0.182927;-1.006098;0
21;34080;1.004883;0.089844;-0.075195;1.036585;0.060976;-0.762195;0
22;35779;0.993652;0.095703;-0.071777;1.128049;0.121951;-0.823171;0
23;37480;1.001953;0.092773;-0.083984;0.914634;0.091463;-0.945122;0
24;39180;1.008301;0.096191;-0.079102;1.189024;0.091463;-1.006098;0
25;40872;1.000488;0.097656;-0.081543;0.975610;-0.060976;-0.884146;0
26;42566;1.008301;0.096680;-0.080566;1.006098;0.243902;-1.097561;0
27;44300;0.994629;0.097168;-0.071289;1.158537;0.030488;-0.945122;0
28;46000;0.997559;0.098633;-0.082520;0.975610;0.152439;-0.975610;0
29;47700;1.002441;0.092773;-0.075195;1.036585;0.060976;-0.945122;0
30;49398;1.005859;0.091309;-0.077148;0.884146;-0.030488;-1.189024;0
31;51097;1.006836;0.096680;-0.086426;0.823171;0.182927;-1.310976;0
32;52802;1.001465;0.080566;-0.069824;0.853659;-0.030488;-1.006098;0
33;54499;0.999023;0.086426;-0.084473;1.097561;-0.121951;-0.792683;0
34;56191;0.996582;0.096191;-0.073242;1.006098;0.243902;-1.006098;0
35;57883;0.999512;0.102539;-0.072754;0.914634;0.030488;-0.792683;0
36;59577;1.009766;0.087402;-0.068848;1.006098;0.091463;-0.701220;0
37;61274;1.008301;0.099121;-0.081055;0.975610;0.030488;-0.945122;0
38;62984;1.001953;0.092285;-0.077637;1.219512;0.365854;-1.036585;0
39;64684;0.999512;0.087402;-0.077148;1.341463;0.030488;-1.036585;0
40;66378;1.006348;0.092773;-0.077148;1.128049;-0.213415;-0.914634;0
41;68077;1.010254;0.099121;-0.089355;1.067073;-0.030488;-0.914634;0
42;69772;0.997070;0.095215;-0.072754;1.128049;0.213415;-0.762195;0
43;71468;1.000488;0.092285;-0.093262;1.219512;0.335366;-0.670732;0
44;73168;1.002441;0.106445;-0.078125;1.097561;0.152439;-0.945122;0
45;74864;1.011230;0.092285;-0.075195;0.853659;-0.091463;-1.158537;0
46;76564;1.003906;0.089844;-0.077637;1.219512;0.000000;-0.914634;0
47;78256;1.001953;0.096191;-0.070801;1.006098;-0.030488;-0.884146;0
48;79953;1.001465;0.086914;-0.084961;1.128049;0.091463;-1.158537;0
49;81644;1.002930;0.087891;-0.077637;1.067073;0.030488;-1.067073;0
50;83339;1.008789;0.089355;-0.081543;1.341463;-0.060976;-0.975610;0
51;85034;1.014160;0.092773;-0.079102;0.975610;-0.030488;-0.975610;0
52;86727;1.001953;0.092773;-0.097656;0.640244;0.213415;-0.853659;0
53;88421;0.994141;0.094238;-0.081543;1.006098;0.274390;-1.006098;0
54;90125;0.997559;0.093750;-0.088867;1.432927;-0.060976;-0.853659;0
55;91819;1.008301;0.098633;-0.082031;1.189024;-0.152439;-1.128049;0
56;93515;1.005371;0.099609;-0.083496;1.097561;-0.091463;-1.036585;0
57;95211;1.003906;0.085938;-0.063965;1.280488;0.000000;-0.945122;0
58;96906;1.000488;0.091309;-0.078613;1.097561;0.274390;-0.823171;0
59;98605;1.005371;0.090332;-0.074707;1.006098;0.243902;-1.097561;0
60;100297;1.005859;0.096191;-0.070801;1.189024;-0.030488;-1.006098;0
61;101993;0.999512;0.088867;-0.082031;0.975610;0.243902;-0.762195;0
62;103693;1.003418;0.089355;-0.082031;0.914634;0.060976;-1.128049;0
63;105387;1.007324;0.088379;-0.076660;1.006098;0.000000;-1.036585;0
64;107086;1.005371;0.092773;-0.073242;1.250000;0.060976;-0.945122;0
65;108793;0.999023;0.092285;-0.083496;1.036585;-0.030488;-1.097561;0
66;110508;0.999512;0.086426;-0.079590;1.036585;0.060976;-1.189024;0
67;112210;1.004395;0.097168;-0.079590;1.189024;0.000000;-0.975610;0
68;113921;1.002441;0.090332;-0.064453;1.158537;0.091463;-0.670732;0
69;115709;1.000488;0.089844;-0.077148;1.067073;0.030488;-0.914634;0
70;117418;0.994629;0.091309;-0.090820;1.036585;0.091463;-0.853659;0
71;119131;1.002441;0.091797;-0.083984;1.036585;0.060976;-0.914634;0
72;120827;1.000000;0.094238;-0.086426;1.097561;0.060976;-1.036585;0
73;122530;1.002441;0.090820;-0.081543;1.097561;-0.030488;-0.823171;0
74;124303;1.008789;0.100098;-0.087891;1.158537;-0.091463;-0.731707;0
75;126003;1.000000;0.094238;-0.074219;0.884146;-0.060976;-0.853659;0
76;127699;1.006348;0.097656;-0.064453;1.189024;0.060976;-0.792683;0
77;129388;1.005859;0.092773;-0.070801;1.128049;0.060976;-0.823171;0
78;131085;1.005371;0.088379;-0.062500;1.036585;0.000000;-1.067073;0
79;132934;1.004883;0.089355;-0.089355;0.945122;0.000000;-1.128049;0
80;134640;1.003906;0.095703;-0.078125;1.310976;-0.274390;-0.792683;0
81;136336;1.001953;0.097168;-0.066895;0.945122;0.060976;-0.884146;0
82;138030;1.008789;0.095215;-0.083984;0.792683;-0.121951;-0.975610;0
83;139727;1.000488;0.102051;-0.083008;1.097561;-0.030488;-0.884146;0
84;141427;0.999512;0.087891;-0.094238;1.067073;0.030488;-1.219512;0
85;143119;0.997559;0.101562;-0.075684;1.067073;-0.060976;-1.067073;0
86;144817;0.999512;0.094238;-0.078613;1.097561;0.000000;-0.823171;0
87;146512;0.998535;0.094727;-0.086426;1.036585;0.091463;-0.853659;0
88;148206;1.010254;0.091309;-0.083496;0.975610;0.060976;-0.945122;0
89;149903;1.003418;0.092773;-0.083984;0.945122;0.091463;-0.945122;0
90;151603;0.997559;0.090332;-0.085938;1.006098;0.182927;-0.884146;0
91;153307;1.002930;0.096680;-0.065918;1.006098;-0.152439;-0.914634;0
92;155002;0.999512;0.089844;-0.077148;1.006098;-0.182927;-0.975610;0
93;156696;0.995117;0.092285;-0.084473;1.128049;-0.030488;-0.823171;0
94;158393;0.998535;0.092285;-0.071289;1.006098;-0.121951;-1.036585;0
95;160089;1.011719;0.091797;-0.083984;1.189024;0.213415;-1.097561;0
96;161782;1.004395;0.096680;-0.077148;1.158537;-0.152439;-1.250000;0
97;163502;0.997070;0.088379;-0.080566;1.006098;0.243902;-0.914634;0
98;165195;1.004395;0.088379;-0.081543;0.792683;0.152439;-0.975610;0
99;166889;1.006348;0.094238;-0.077148;0.670732;-0.030488;-1.006098;0
100;168582;0.999512;0.092285;-0.077148;1.128049;-0.182927;-0.792683;0
101;170276;1.002930;0.098145;-0.071289;1.128049;0.274390;-0.853659;0
102;171971;1.000488;0.087891;-0.077637;0.823171;0.000000;-0.945122;0
103;173682;1.004395;0.084473;-0.072754;0.884146;0.000000;-0.823171;0
104;175382;1.006836;0.093750;-0.063477;0.975610;-0.030488;-1.067073;0
105;177081;1.004395;0.102539;-0.058594;1.067073;-0.091463;-0.762195;0
106;178783;0.991699;0.097656;-0.071777;1.097561;0.060976;-0.975610;0
107;180482;0.995605;0.092285;-0.068848;1.158537;-0.030488;-0.792683;0
108;182182;1.004395;0.091309;-0.072754;1.158537;-0.030488;-1.036585;0
109;183884;1.006836;0.096680;-0.079102;1.097561;-0.121951;-1.189024;0
110;185582;1.002930;0.100098;-0.068359;1.189024;-0.274390;-0.975610;0
111;187281;1.002930;0.095703;-0.082031;1.097561;0.152439;-0.853659;0
112;188977;1.002441;0.098145;-0.071777;1.036585;0.121951;-0.853659;0
113;190674;0.994629;0.095703;-0.089355;1.219512;-0.121951;-0.914634;0
114;192370;1.001953;0.091309;-0.073242;0.884146;-0.121951;-1.036585;0
115;194063;1.002441;0.097656;-0.071777;1.128049;0.000000;-1.158537;0
116;195756;1.005859;0.095215;-0.062988;0.975610;0.060976;-1.219512;0
117;197449;0.999512;0.084473;-0.081055;1.006098;-0.030488;-0.914634;0
118;199144;0.998535;0.092773;-0.082520;1.067073;-0.426829;-0.884146;0
119;200843;1.001465;0.096191;-0.078125;0.975610;0.060976;-1.128049;0
120;202541;0.992676;0.092773;-0.083984;0.701220;0.091463;-1.280488;0
121;204245;0.999023;0.091309;-0.092285;1.189024;0.030488;-0.975610;0
122;205944;0.998047;0.089844;-0.088379;1.036585;0.335366;-1.036585;0
123;207643;0.999023;0.090332;-0.083496;0.701220;0.000000;-0.884146;0
124;209342;1.010742;0.094238;-0.075195;0.823171;0.304878;-0.823171;0
125;211039;1.008789;0.089355;-0.068848;1.158537;0.060976;-0.823171;0
126;212739;1.001465;0.098633;-0.083008;1.097561;0.000000;-1.097561;0
127;214474;1.000000;0.087402;-0.064941;0.945122;0.091463;-1.067073;0
128;216176;1.001953;0.099609;-0.072754;1.097561;0.091463;-0.884146;0
129;217911;1.005859;0.091309;-0.099121;1.067073;-0.274390;-0.701220;0
130;219637;1.000488;0.088379;-0.066406;0.975610;0.000000;-0.945122;0
131;221339;1.001953;0.092285;-0.093262;1.250000;-0.060976;-0.945122;0
132;223037;0.995605;0.081543;-0.076660;0.975610;0.030488;-0.853659;0
133;224730;1.010254;0.091309;-0.080566;0.792683;0.091463;-0.975610;0
134;226438;1.012695;0.094238;-0.081055;1.128049;-0.365854;-1.158537;0
135;228137;1.001953;0.092285;-0.076172;1.128049;0.182927;-1.036585;0
136;229834;1.000488;0.089844;-0.075195;1.006098;0.182927;-1.097561;0
137;231525;1.007324;0.090820;-0.089844;0.975610;-0.121951;-0.853659;0
138;233219;0.998047;0.099609;-0.084473;0.975610;0.030488;-0.884146;0
139;234920;1.001465;0.090332;-0.072754;1.006098;0.182927;-0.853659;0
140;236622;1.009277;0.098145;-0.077637;1.006098;0.030488;-0.823171;0
141;238320;1.000000;0.091309;-0.082031;1.036585;0.121951;-0.853659;0
142;240017;0.991699;0.091309;-0.087891;0.975610;0.121951;-0.670732;0
143;241707;1.000000;0.089844;-0.071777;0.975610;-0.091463;-0.884146;0
144;243400;1.008301;0.091797;-0.078613;0.823171;-0.091463;-0.762195;0
145;245095;1.005371;0.094727;-0.077148;1.128049;0.213415;-1.006098;0
146;246793;1.009766;0.089844;-0.081055;1.036585;0.152439;-0.792683;0
147;248490;0.992676;0.095215;-0.067871;0.975610;-0.060976;-0.884146;0
148;250186;0.996094;0.094727;-0.072754;1.280488;-0.152439;-0.853659;0
149;251880;1.004883;0.095703;-0.073730;1.189024;0.152439;-0.914634;0
150;253578;0.998047;0.098633;-0.058594;0.853659;-0.060976;-0.975610;0
151;255273;0.998047;0.086914;-0.095703;0.914634;0.030488;-1.067073;0
152;256965;0.999023;0.088379;-0.073242;1.067073;0.243902;-1.067073;0
153;258664;1.003906;0.088379;-0.081543;0.914634;-0.121951;-1.219512;0
154;260363;1.007324;0.096191;-0.076660;0.792683;-0.213415;-1.067073;0
155;262063;0.997559;0.092773;-0.066406;0.945122;-0.121951;-0.792683;0
156;263754;1.004883;0.086914;-0.092285;1.036585;-0.030488;-1.067073;0
157;265448;1.010742;0.090820;-0.072266;1.006098;-0.030488;-1.097561;0
158;267147;1.003906;0.095215;-0.083496;1.128049;0.182927;-0.884146;0
159;268850;1.005371;0.089355;-0.076172;1.158537;0.060976;-1.006098;0
160;270551;1.004883;0.093750;-0.074219;1.006098;0.000000;-0.914634;0
161;272250;0.997559;0.091797;-0.079590;1.036585;-0.091463;-0.914634;0
162;273939;1.005859;0.097168;-0.085449;1.219512;-0.121951;-0.975610;0
163;275632;1.003418;0.087891;-0.071777;1.128049;0.304878;-0.975610;0
164;277334;0.999023;0.092285;-0.088379;1.128049;-0.091463;-0.823171;0
165;279026;1.003418;0.096680;-0.084473;1.067073;0.060976;-0.579268;0
166;280725;0.998047;0.091309;-0.083008;0.823171;0.152439;-0.670732;0
167;282424;1.008789;0.092773;-0.074707;1.189024;-0.060976;-0.762195;0
168;284126;1.006348;0.097656;-0.074219;0.914634;0.121951;-0.914634;0
169;285825;1.004883;0.096191;-0.087402;1.036585;-0.060976;-0.762195;0
170;287525;0.995605;0.088867;-0.080566;1.189024;0.243902;-0.792683;0
171;289224;1.009766;0.092773;-0.080566;1.097561;-0.030488;-1.280488;0
172;290924;1.008789;0.098633;-0.081543;1.067073;-0.121951;-1.036585;0
173;292627;1.004883;0.090820;-0.073730;1.067073;-0.182927;-0.823171;0
174;294324;0.994141;0.089844;-0.085449;1.189024;0.213415;-0.945122;0
175;296023;0.996094;0.089355;-0.077148;1.097561;-0.091463;-0.731707;0
176;297723;1.002930;0.099121;-0.081055;1.250000;-0.030488;-0.792683;0
177;299422;0.995605;0.085449;-0.084961;0.975610;0.000000;-1.189024;0
178;301119;0.997559;0.098145;-0.082520;1.036585;-0.182927;-0.945122;0
179;302829;1.006836;0.088379;-0.076660;1.097561;0.000000;-0.975610;0
180;304524;0.997070;0.094727;-0.072754;1.097561;0.000000;-0.914634;0
181;306221;1.001953;0.092773;-0.063477;0.945122;-0.060976;-1.128049;0
182;307927;1.009277;0.087402;-0.069824;0.914634;0.091463;-1.006098;0
183;309620;1.004395;0.095703;-0.068359;0.853659;0.182927;-0.640244;0
184;311320;0.999512;0.092773;-0.077637;0.823171;0.365854;-0.914634;0
185;313013;1.001953;0.095215;-0.086426;0.975610;-0.091463;-0.884146;0
186;314708;1.001953;0.091309;-0.079590;0.792683;-0.274390;-0.853659;0
187;316414;1.006836;0.086914;-0.050781;1.219512;-0.030488;-0.914634;0
188;318129;0.998535;0.091797;-0.085938;1.006098;0.213415;-0.914634;0
189;319833;1.004395;0.087402;-0.077637;0.731707;-0.121951;-1.036585;0
190;321530;1.003418;0.091797;-0.078125;0.884146;-0.030488;-0.609756;0
191;323323;1.012695;0.091309;-0.076172;0.853659;-0.091463;-0.731707;0
192;325041;0.995605;0.099121;-0.079102;1.036585;-0.182927;-0.884146;0
193;326736;1.010742;0.094727;-0.071777;1.310976;0.243902;-0.914634;0
194;328435;0.999023;0.088379;-0.078613;0.792683;0.000000;-1.036585;0
195;330134;1.015625;0.098145;-0.069824;1.189024;-0.121951;-0.884146;0
196;331828;1.014160;0.086426;-0.081543;0.975610;0.274390;-0.914634;0
197;333540;0.996582;0.090820;-0.075195;0.884146;-0.091463;-0.945122;0
198;335238;1.002441;0.090332;-0.086914;0.945122;0.121951;-0.823171;0
199;336935;0.996582;0.086426;-0.076172;1.006098;0.030488;-0.853659;0
200;338637;1.004395;0.088867;-0.072754;1.189024;-0.182927;-0.945122;0
201;340335;0.992188;0.091309;-0.074219;1.219512;0.060976;-1.158537;0
202;342029;1.011230;0.095215;-0.085449;1.067073;0.060976;-1.006098;0
203;343726;1.008789;0.097168;-0.072754;1.189024;0.182927;-0.884146;0
204;345425;1.007324;0.085449;-0.080566;0.975610;0.152439;-1.067073;0
205;347125;1.001465;0.095703;-0.071289;0.853659;0.000000;-1.036585;0
206;348818;0.996582;0.095703;-0.086914;1.158537;-0.243902;-0.762195;0
207;350510;0.997070;0.090820;-0.083008;1.158537;0.091463;-1.128049;0
208;352206;1.002930;0.096680;-0.091309;1.036585;-0.121951;-1.097561;0
209;353896;1.005371;0.104980;-0.072754;0.884146;-0.060976;-0.884146;0
210;355590;1.003906;0.097168;-0.073730;0.884146;0.030488;-0.884146;0
211;357286;1.005371;0.099121;-0.074219;1.097561;-0.213415;-0.731707;0
212;358983;1.003906;0.086426;-0.079102;0.884146;0.060976;-0.914634;0
213;360676;1.011230;0.087891;-0.095215;1.006098;-0.152439;-0.975610;0
214;362377;1.007324;0.090820;-0.085449;1.067073;0.121951;-0.914634;0
215;364073;1.008301;0.087402;-0.080566;0.945122;0.182927;-0.762195;0
216;365766;1.001953;0.096191;-0.082520;1.067073;-0.091463;-0.762195;0
217;367459;1.009277;0.088867;-0.062012;1.219512;-0.182927;-0.975610;0
218;369154;1.008789;0.091797;-0.081543;0.914634;-0.030488;-0.945122;0
219;370856;1.005859;0.094238;-0.086914;1.280488;0.060976;-0.731707;0
220;372550;1.001465;0.091309;-0.079590;1.067073;-0.030488;-0.975610;0
221;374303;1.003906;0.090332;-0.060547;1.036585;-0.060976;-0.945122;0
222;376004;0.998535;0.092773;-0.083496;1.280488;0.091463;-1.158537;0
223;377700;0.999512;0.092285;-0.068848;1.189024;0.030488;-1.006098;0
224;379399;1.006348;0.098633;-0.065430;1.006098;0.000000;-1.006098;0
225;381097;0.999512;0.087402;-0.080566;1.128049;-0.030488;-1.067073;0
226;382802;0.940918;0.076660;-0.077148;0.762195;0.670732;-0.396341;0
227;384496;0.954102;0.078613;-0.079102;0.457317;1.158537;0.000000;0
228;386198;1.066895;0.094238;-0.069336;1.158537;-1.219512;-0.823171;0
229;387898;1.108887;0.101562;-0.048340;1.585366;-1.829268;-1.646341;0
230;389601;1.048340;0.084961;-0.058105;1.097561;0.213415;-1.128049;0
231;391301;0.940430;0.062988;-0.081543;0.609756;1.829268;-0.640244;0
232;392996;0.916016;0.088379;-0.096191;1.036585;1.250000;-0.670732;0
233;394689;1.003906;0.106445;-0.067383;1.554878;-1.006098;-1.128049;0
234;396389;1.072754;0.108887;-0.051270;1.310976;-1.920732;-1.036585;0
235;398084;1.044434;0.096191;-0.078613;0.701220;0.030488;-1.036585;0
236;399777;0.969238;0.077148;-0.117676;0.335366;1.890244;-0.548780;0
237;401472;0.946289;0.078613;-0.094238;0.792683;0.609756;-0.457317;0
238;403164;1.005859;0.089844;-0.061523;1.493902;-1.250000;-1.097561;0
239;404863;1.043457;0.097656;-0.044922;1.493902;-1.402439;-1.554878;0
240;406561;1.022461;0.093750;-0.073242;0.701220;0.274390;-0.884146;0
241;408260;0.969727;0.088379;-0.109863;0.670732;1.585366;-0.548780;0
242;409951;0.981445;0.088867;-0.098633;0.914634;0.487805;-1.067073;0
243;411651;1.007324;0.095703;-0.066406;1.463415;-1.128049;-1.067073;0
244;413349;1.040039;0.098633;-0.067383;1.371951;-0.701220;-0.945122;0
245;415040;1.010254;0.094727;-0.074707;1.067073;0.487805;-0.823171;0
246;416738;0.984375;0.088379;-0.089355;0.548780;0.731707;-0.731707;0
247;418439;0.977051;0.086914;-0.083984;1.036585;0.091463;-1.036585;0
248;420163;1.008301;0.088867;-0.095703;1.067073;-0.426829;-1.097561;0
249;421869;1.018555;0.095215;-0.078613;1.250000;-0.365854;-0.975610;0
250;423569;1.005371;0.095215;-0.069824;0.914634;0.121951;-0.975610;0
251;425658;0.993652;0.093750;-0.067871;0.945122;0.121951;-1.036585;1
252;427416;0.983398;0.093750;-0.069824;1.310976;0.091463;-0.884146;1
253;429103;1.007324;0.096191;-0.083008;1.036585;-0.152439;-0.823171;1
254;430788;1.014648;0.091309;-0.096680;0.914634;-0.121951;-1.250000;1
255;432474;1.005371;0.091797;-0.088867;0.792683;0.121951;-1.036585;1
256;434162;0.988281;0.091309;-0.072266;1.280488;0.060976;-0.731707;1
257;435853;0.994141;0.101074;-0.071777;1.280488;0.000000;-0.975610;1
258;437557;1.004395;0.091309;-0.092773;0.640244;0.213415;-0.762195;1
259;439257;1.002930;0.081055;-0.100098;0.487805;0.213415;-1.036585;1
260;440957;1.016113;0.086426;-0.088379;0.914634;-0.426829;-0.975610;1
261;442653;1.009766;0.092285;-0.078613;0.914634;-0.121951;-0.914634;1
262;444349;1.002441;0.091797;-0.089844;0.701220;0.274390;-1.097561;1
263;446926;0.996094;0.092773;-0.069824;0.914634;-0.060976;-1.250000;1
264;450207;0.990723;0.091797;-0.079102;0.853659;1.036585;-0.609756;1
265;451984;1.032715;0.087891;-0.082031;1.036585;0.000000;-1.006098;1
266;454147;1.002930;0.091309;-0.087402;0.884146;1.554878;-0.640244;1
267;456237;0.984863;0.083984;-0.107910;0.396341;2.042683;-0.152439;1
268;458044;0.952637;0.087402;-0.096191;0.365854;2.896341;-0.640244;1
269;459789;0.919434;0.087402;-0.082520;0.274390;4.542683;-0.396341;1
270;461528;0.866699;0.087402;-0.068848;0.731707;9.146341;1.067073;1
271;463254;0.830566;0.082031;-0.071289;0.365854;13.140244;1.615854;1
272;464975;0.680176;0.049805;-0.064941;-0.365854;18.018293;2.835366;1
273;466656;0.704102;0.068848;-0.030273;0.121951;21.097561;5.701220;1
274;468338;0.764648;0.090820;0.056152;1.859756;19.908537;6.341463;1
275;470018;0.492188;0.043945;0.145020;1.524390;25.060976;9.878049;1
276;471702;0.346191;0.047363;0.118164;1.829268;26.128049;16.402439;1
277;473384;0.273926;0.113281;0.036621;4.237805;18.262195;19.817073;1
278;475065;0.185059;0.105469;-0.166992;2.378049;22.012195;25.548780;1
279;476750;-0.224121;0.020508;-0.491211;-0.701220;34.024390;42.957317;1
280;478430;-0.351562;-0.200684;-0.448730;-5.304878;10.762195;45.579268;1
281;480109;-0.133301;-0.020020;-0.440430;1.189024;-0.335366;52.987805;1
282;481791;0.192383;-0.075195;0.219727;6.067073;-2.408537;63.048780;1
283;483471;0.668457;-0.065918;0.624512;5.487805;-13.323171;67.286585;1
284;485157;1.550293;-0.112793;0.042480;-5.274390;-29.054878;61.432927;1
285;486838;1.695312;0.043457;-0.119629;-0.579268;-15.487805;59.908537;1
286;488518;1.839844;0.159180;-0.196777;1.920732;-0.152439;63.810976;1
287;490198;1.727051;0.111816;0.072266;1.768293;-2.195122;54.512195;1
288;491896;1.871094;0.092285;0.034180;0.731707;-4.329268;46.585366;1
289;493578;2.130859;0.125977;-0.044922;0.914634;-7.865854;39.237805;1
290;495264;2.064453;0.095703;-0.049316;1.006098;-3.658537;33.384146;1
291;496944;1.791016;0.086426;-0.020996;1.554878;4.115854;27.286585;1
292;498626;1.589355;0.110352;0.073242;3.689024;3.506098;21.463415;1
293;500306;1.283691;0.125977;0.227539;5.792683;2.621951;17.652439;1
294;501989;0.999023;0.112305;0.135742;4.878049;6.493902;16.920732;1
295;503669;0.687988;0.020508;0.068359;4.146341;9.634146;17.652439;1
296;505350;0.507812;0.006836;0.020020;6.524390;8.750000;20.274390;1
297;507031;0.375977;0.010254;0.114258;10.152439;3.780488;23.810976;1
298;508712;0.273438;0.018555;0.385742;14.268293;-1.006098;27.652439;1
299;510399;0.190430;0.048340;0.550293;17.743902;-2.621951;33.780488;1
300;512079;0.098145;0.077148;0.469727;19.542683;0.000000;40.579268;1
301;513759;-0.124512;0.019043;0.262207;19.237805;5.823171;48.414634;1
302;515441;-0.280762;-0.035645;0.130859;21.371951;9.115854;57.682927;1
303;517123;0.072266;0.227051;-0.477051;21.890244;8.597561;64.878049;1
304;518804;-0.223633;-0.148926;-0.783203;9.969512;18.810976;72.347561;1
305;520490;-0.337891;-0.272949;-1.182617;2.073171;26.768293;82.621951;1
306;522169;-0.196777;-0.250488;-0.769531;8.719512;11.158537;92.957317;1
307;523848;0.073730;-0.028809;-0.291504;15.030488;-9.451220;98.079268;1
308;525529;0.319336;0.070801;0.065918;10.030488;-12.926829;103.506098;1
309;527223;0.320801;0.000000;0.278320;5.335366;-3.658537;111.432927;1
310;528927;0.061035;-0.058105;0.496582;9.603659;4.268293;119.603659;1
311;530622;-0.272461;0.045410;0.356934;12.469512;11.310976;129.024390;1
312;532306;-0.621094;-0.068848;0.112305;10.213415;16.493902;141.128049;1
313;533986;-0.657715;-0.174316;-0.096191;8.170732;14.512195;150.640244;1
314;535672;-0.512695;-0.202148;-0.077148;13.323171;6.250000;162.103659;1
315;537355;-0.338379;-0.199707;0.076172;18.780488;-1.981707;172.012195;1
316;539036;-0.700684;-0.287598;0.332031;18.262195;1.158537;183.567073;1
317;540717;-0.310547;-0.125488;-0.371582;13.292683;3.689024;197.317073;1
318;542396;-0.175781;-0.132324;-0.233398;16.676829;-5.060976;203.750000;1
319;544077;-0.255371;-0.285156;0.172852;23.628049;-3.689024;213.109756;1
320;545761;-0.269531;-0.212891;0.312012;23.932927;3.048780;223.201220;1
321;547442;-0.381836;0.008301;-0.073730;18.506098;8.323171;235.182927;1
322;549123;-0.058594;0.101074;-0.695312;12.286585;-5.060976;243.597561;1
323;550803;1.608887;-1.387695;0.108398;10.762195;-39.756098;241.067073;1
324;552485;2.748535;-0.937500;0.165039;7.682927;-84.451220;200.518293;1
325;554298;1.878906;-0.395996;1.218750;43.140244;-1.768293;233.353659;1
326;556003;0.937500;0.668945;-0.028320;31.890244;55.426829;241.036585;1
327;557685;0.987305;-0.395508;-0.084961;2.256098;33.140244;220.335366;1
328;559366;1.284180;-0.655273;-0.256836;9.207317;-1.006098;207.560976;1
329;561048;1.331055;-0.284180;0.028809;35.396341;-5.640244;214.390244;1
330;562734;1.304199;0.127930;0.026855;34.969512;-0.182927;218.018293;1
331;564470;1.465820;-0.248535;0.018555;17.987805;0.792683;209.969512;1
332;566151;1.302246;-0.458984;-0.021484;16.798780;7.164634;205.457317;1
333;567838;1.004395;-0.366211;-0.133789;26.280488;12.682927;209.451220;1
334;569519;0.911133;-0.205078;-0.172852;27.987805;5.670732;208.414634;1
335;571201;1.038086;-0.359863;0.022461;23.292683;0.091463;204.329268;1
336;572892;0.887207;-0.429688;-0.027344;20.426829;6.310976;206.036585;1
337;574572;0.916016;-0.369141;-0.172363;21.737805;8.109756;208.780488;1
338;576253;0.921875;-0.317871;-0.166504;23.170732;3.018293;207.896341;1
339;577931;1.009277;-0.312012;-0.129395;20.975610;1.859756;207.987805;1
340;579613;0.979004;-0.333008;-0.109863;20.457317;3.963415;208.231707;1
341;581292;1.015137;-0.337891;-0.125000;19.939024;4.146341;208.871951;1
342;582980;1.029785;-0.332520;-0.093750;19.969512;3.262195;208.567073;1
343;584662;1.007324;-0.307129;-0.156250;19.542683;4.237805;208.048780;1
344;586342;0.926758;-0.402344;0.003418;19.512195;6.615854;209.054878;1
345;588039;0.949219;-0.410156;0.029297;19.298780;4.512195;208.506098;1
346;589718;1.049805;-0.336914;-0.091797;19.024390;3.902439;207.896341;1
347;591397;1.068359;-0.244141;-0.174805;18.902439;4.390244;207.835366;1
348;593079;1.084961;-0.385742;0.028320;19.939024;3.871951;207.804878;1
349;594766;1.101074;-0.445801;0.039551;19.024390;3.780488;206.371951;1
350;596447;1.171387;-0.337402;-0.202637;17.500000;5.152439;205.609756;1
351;598126;1.137207;-0.351074;-0.102539;18.719512;4.847561;204.878049;1
352;599806;1.075195;-0.387207;-0.014648;20.091463;4.085366;204.054878;1
353;601491;1.060059;-0.420410;0.065430;19.420732;4.115854;203.170732;1
354;603173;1.180664;-0.340820;-0.053711;18.628049;4.390244;201.341463;1
355;604854;1.144531;-0.425293;-0.011719;18.628049;5.000000;200.640244;1
356;606535;1.147949;-0.340332;-0.086426;19.603659;4.786585;199.847561;1
357;608214;1.128906;-0.389160;-0.014160;20.396341;4.176829;198.932927;1
358;609893;1.095703;-0.409668;-0.028320;18.902439;4.664634;197.256098;1
359;611573;1.102539;-0.344727;-0.162598;18.445122;5.152439;196.158537;1
360;613256;1.094727;-0.413086;-0.063477;20.060976;4.817073;195.670732;1
361;614935;1.046875;-0.358398;-0.103027;20.030488;4.878049;195.274390;1
362;616616;1.034180;-0.407227;-0.067871;19.146341;5.853659;194.725610;1
363;618298;0.899414;-0.450684;-0.030273;19.085366;6.128049;194.756098;1
364;619981;0.919922;-0.434570;-0.039551;19.756098;5.000000;195.121951;1
365;621664;0.931152;-0.437988;-0.050781;20.274390;3.414634;195.091463;1
366;623357;0.904785;-0.451660;-0.055664;19.451220;3.689024;195.060976;1
367;625052;0.890625;-0.424805;-0.078613;19.969512;4.756098;196.036585;1
368;626739;0.889160;-0.453125;-0.020508;20.609756;4.146341;196.463415;1
369;628421;0.864258;-0.473145;-0.069336;19.603659;4.634146;197.469512;1
370;630123;0.861816;-0.457520;-0.068359;19.359756;4.329268;197.469512;1
371;631811;0.836914;-0.472656;-0.065430;20.335366;4.420732;198.871951;1
372;633494;0.875977;-0.491211;-0.052734;20.914634;3.567073;199.329268;1
373;635176;1.124512;-0.442383;-0.172363;19.664634;1.250000;198.384146;1
374;636866;1.291992;-0.480469;-0.179688;18.414634;-1.615854;196.341463;1
375;638547;1.528809;-0.486816;-0.233887;18.048780;-3.902439;192.378049;1
376;640227;1.490723;-0.495605;-0.000977;20.182927;-1.829268;189.512195;1
377;641906;1.438477;-0.407715;0.056152;21.189024;4.207317;187.957317;1
378;643588;1.351074;-0.441406;0.028809;18.689024;4.939024;183.932927;1
379;645274;1.418945;-0.468262;-0.109375;16.920732;4.237805;179.085366;1
380;646958;1.479492;-0.487305;-0.189941;17.317073;2.591463;175.091463;1
381;648640;1.293945;-0.430176;-0.185547;18.902439;3.353659;172.804878;1
382;650319;1.002930;-0.473145;-0.044922;18.810976;7.774390;173.475610;1
383;652017;0.821289;-0.489746;0.009766;18.262195;7.987805;173.079268;1
384;653698;0.992676;-0.524902;-0.044922;16.859756;3.506098;170.426829;1
385;655370;1.202148;-0.523438;-0.161621;15.731707;0.548780;167.195122;1
386;657043;1.260254;-0.546875;-0.187500;16.310976;2.469512;166.676829;1
387;658716;1.224609;-0.485352;-0.094238;18.048780;3.963415;166.646341;1
388;660394;1.196289;-0.475586;0.053223;18.353659;2.682927;164.115854;1
389;662066;1.369141;-0.496582;0.049805;16.493902;1.189024;160.182927;1
390;663740;1.420410;-0.459961;-0.107910;15.243902;0.426829;155.975610;1
391;665420;1.527832;-0.543457;-0.112305;15.000000;1.676829;152.408537;1
392;667092;1.442383;-0.514160;-0.117188;16.219512;3.871951;149.908537;1
393;668763;1.334961;-0.507812;-0.033691;16.707317;4.359756;146.676829;1
394;670436;1.578125;-0.448242;-0.088867;15.426829;0.914634;140.914634;1
395;672152;1.762207;-0.459961;-0.151855;13.658537;-2.012195;133.902439;1
396;673896;1.776367;-0.431152;-0.165039;13.993902;0.701220;128.597561;1
397;675727;1.763672;-0.387695;-0.143066;14.817073;3.993902;123.902439;1
398;677455;1.655762;-0.420410;-0.118652;13.719512;3.018293;117.530488;1
399;679168;3.798828;-0.344238;-0.939453;10.000000;-8.628049;100.975610;1
400;680881;6.162109;-0.616699;-0.536133;-2.073171;-54.359756;53.567073;1
401;682610;6.307617;-0.528809;0.307617;-0.426829;-81.585366;19.786585;1
402;684369;4.994141;-0.102539;1.131836;22.621951;-52.378049;12.835366;1
403;686083;2.982422;0.221680;0.446289;14.085366;15.487805;-8.597561;1
404;687798;0.625977;-0.694824;-0.306641;-16.250000;80.365854;-17.012195;1
405;689511;-0.751465;-0.987793;-1.087891;-4.939024;96.707317;-8.689024;1
406;691224;-1.392090;-0.696777;-1.077637;21.067073;97.652439;4.756098;1
407;692983;-0.856445;-0.338867;-0.239746;29.603659;75.762195;11.006098;1
408;694700;0.020020;0.048828;0.601562;19.695122;11.524390;11.006098;1
409;696434;1.366211;-0.236328;0.343262;-4.878049;-50.487805;9.756098;1
410;698149;2.282227;-0.508789;-0.172852;-13.963415;-49.695122;-3.810976;1
411;699857;2.273926;-0.776367;-0.502441;-11.676829;-26.158537;-5.579268;1
412;701632;1.342285;-0.667969;-0.234375;4.115854;9.603659;0.000000;1
413;703346;0.269043;-0.349609;0.145508;12.195122;27.743902;6.524390;1
414;705055;0.113281;-0.279785;0.205566;5.731707;13.871951;3.018293;1
415;706769;0.562500;-0.397461;-0.037598;-1.554878;-5.396341;-2.774390;1
416;708481;1.012695;-0.555664;-0.111328;-0.945122;-12.195122;-0.426829;1
417;710225;1.091797;-0.445801;0.008301;6.036585;-3.993902;3.902439;1
418;711942;1.030273;-0.381836;-0.045410;4.695122;3.079268;5.121951;1
419;713654;0.934570;-0.448730;-0.114258;0.030488;3.536585;1.371951;1
420;715368;0.871582;-0.513184;-0.129883;0.304878;1.402439;0.182927;1
421;717082;0.841797;-0.476562;-0.069824;3.871951;-0.823171;0.670732;1
422;718821;0.842773;-0.409180;-0.015625;4.725610;-1.951220;0.640244;1
423;720536;0.844727;-0.429199;-0.015625;1.951220;-0.853659;0.548780;1
424;722248;0.890625;-0.473633;-0.057129;1.463415;-0.457317;1.219512;1
425;723975;0.954590;-0.458008;0.009277;3.750000;-1.951220;1.890244;1
426;725676;1.024414;-0.421875;0.026855;4.664634;-2.621951;1.707317;1
427;727388;1.001465;-0.427246;-0.009277;3.567073;-1.250000;0.975610;1
428;729102;0.921875;-0.453613;-0.101562;2.134146;2.103659;0.975610;1
429;730799;0.820801;-0.488770;-0.123047;1.768293;3.170732;1.707317;1
430;732652;0.814941;-0.456543;-0.067383;3.292683;0.365854;1.676829;1
431;734354;0.899414;-0.420898;-0.015625;3.750000;-1.951220;1.006098;1
432;736047;0.963867;-0.423828;-0.023926;2.164634;-1.432927;0.670732;1
433;737739;0.972656;-0.461426;-0.069336;0.792683;0.335366;0.487805;1
434;739431;0.945312;-0.472656;-0.068359;1.371951;1.585366;0.853659;1
435;741121;0.934082;-0.455566;-0.045410;2.682927;0.213415;0.762195;1
436;742817;0.936035;-0.428223;-0.037598;3.018293;-0.731707;-0.152439;1
437;744510;0.926758;-0.460938;-0.059082;1.859756;-0.182927;-0.579268;1
438;746196;0.897949;-0.470215;-0.105957;1.402439;0.701220;-0.335366;1
439;747904;0.860352;-0.459473;-0.083496;2.560976;0.548780;-0.030488;1
440;749593;0.863281;-0.438965;-0.079102;2.500000;-0.121951;-0.335366;1
441;751279;0.907715;-0.450195;-0.058105;1.951220;-1.097561;-1.158537;1
442;752981;0.948730;-0.452148;-0.063965;1.615854;-1.341463;-1.158537;1
443;754672;0.952148;-0.451660;-0.082520;1.250000;-0.182927;-1.158537;1
444;756360;0.931641;-0.445312;-0.082031;1.036585;0.731707;-1.128049;1
445;758051;0.903320;-0.451660;-0.065430;1.371951;0.152439;-1.432927;1
446;759739;0.901855;-0.442383;-0.043945;1.676829;-0.579268;-1.524390;1
447;761435;0.927246;-0.437012;-0.051758;0.975610;-0.670732;-1.920732;1
448;763126;0.938477;-0.459473;-0.058594;0.365854;0.030488;-2.073171;1
449;764815;0.912109;-0.473145;-0.090820;0.365854;0.243902;-1.676829;1
450;766502;0.877930;-0.449219;-0.066895;1.036585;0.335366;-1.585366;1
451;768189;0.879883;-0.428711;-0.071777;0.823171;0.091463;-1.463415;1
452;769879;0.911133;-0.451172;-0.068848;0.030488;-0.609756;-1.829268;1
453;771569;0.941895;-0.465820;-0.060547;-0.121951;-0.396341;-2.347561;1
454;773259;0.920410;-0.445312;-0.072266;0.518293;0.243902;-1.951220;1
455;774947;0.896484;-0.431152;-0.046387;0.609756;0.243902;-1.890244;1
456;776633;0.902344;-0.436035;-0.047852;0.152439;0.152439;-1.981707;1
457;778323;0.922852;-0.449219;-0.072754;0.030488;-0.152439;-2.560976;1
458;780012;0.926758;-0.454102;-0.046387;-0.030488;-0.426829;-2.469512;1
459;781701;0.901367;-0.445312;-0.041504;0.121951;-0.243902;-2.439024;1
460;783396;0.893066;-0.450195;-0.063477;-0.091463;0.579268;-2.469512;1
461;785084;0.883301;-0.464844;-0.065918;-0.274390;0.182927;-2.713415;1
462;786781;0.897949;-0.458008;-0.069824;-0.060976;-0.274390;-2.896341;1
463;788470;0.917480;-0.455078;-0.043945;0.091463;-0.670732;-2.957317;1
464;790157;0.922852;-0.448730;-0.057129;0.152439;-0.823171;-2.896341;1
465;791845;0.915527;-0.436523;-0.060547;-0.274390;-0.243902;-3.018293;1
466;793534;0.900391;-0.441406;-0.066406;-0.670732;0.396341;-3.323171;1
467;795226;0.897949;-0.445801;-0.048828;-0.182927;-0.060976;-3.018293;1
468;796915;0.919922;-0.439453;-0.041504;-0.030488;-0.914634;-2.957317;1
469;798603;0.921875;-0.434570;-0.049316;-0.274390;-1.097561;-3.170732;1
470;800290;0.910645;-0.453125;-0.071777;-0.792683;-0.060976;-3.201220;1
471;801978;0.879395;-0.464355;-0.074707;-1.036585;0.701220;-3.109756;1
472;803666;0.875000;-0.465820;-0.052246;-0.487805;0.304878;-3.048780;1
473;805356;0.904297;-0.451660;-0.017090;-0.213415;-0.914634;-2.865854;1
474;807042;0.927246;-0.440430;-0.034668;-0.335366;-1.067073;-3.323171;1
475;808734;0.911621;-0.450684;-0.068359;-0.792683;0.243902;-3.445122;1
476;810430;0.880371;-0.453125;-0.084473;-1.250000;1.036585;-2.835366;1
477;812122;0.866699;-0.449707;-0.073730;-0.457317;0.548780;-2.743902;1
478;813816;0.882812;-0.429688;-0.038574;-0.121951;-0.701220;-2.896341;1
479;815503;0.918945;-0.429688;-0.047363;-0.457317;-1.280488;-3.323171;1
480;817189;0.925293;-0.440430;-0.048828;-0.823171;-0.518293;-3.445122;1
481;818877;0.900879;-0.454102;-0.050293;-0.823171;0.243902;-3.231707;1
482;820569;0.876953;-0.453613;-0.042480;-0.731707;0.304878;-2.804878;1
483;822261;0.886230;-0.454590;-0.026855;-0.518293;-0.548780;-3.170732;1
484;823950;0.909180;-0.449707;-0.030762;-0.640244;-0.945122;-3.109756;1
485;825637;0.910645;-0.449707;-0.047363;-0.823171;-0.487805;-3.262195;1
486;827324;0.899414;-0.447754;-0.059082;-1.036585;0.396341;-3.170732;1
487;829016;0.885742;-0.441895;-0.062500;-0.548780;0.487805;-3.018293;1
488;830715;0.877930;-0.445801;-0.043457;0.060976;-0.213415;-2.957317;1
489;832422;0.907715;-0.430664;-0.038574;-0.365854;-0.884146;-3.109756;1
490;834127;0.912109;-0.439453;-0.046387;-0.823171;-0.274390;-2.774390;1
491;835830;0.905762;-0.445312;-0.054199;-0.792683;0.396341;-3.079268;1
492;837614;0.887695;-0.448730;-0.066406;-0.670732;0.640244;-3.109756;1
493;839311;0.889160;-0.447266;-0.053223;-0.457317;0.000000;-2.713415;1
494;841002;0.897949;-0.453125;-0.041016;-0.274390;-0.304878;-2.896341;1
495;842690;0.907227;-0.451660;-0.038086;-0.487805;-0.152439;-3.140244;1
496;844380;0.897461;-0.456543;-0.045898;-0.213415;0.304878;-2.743902;1
497;846071;0.890625;-0.454102;-0.065430;-0.243902;0.640244;-2.774390;1
498;847761;0.888672;-0.446777;-0.066895;-0.213415;0.182927;-2.835366;1
499;849450;0.895508;-0.438477;-0.065430;-0.457317;-0.335366;-2.804878;1
500;851139;0.910156;-0.435547;-0.072266;-0.304878;-0.548780;-2.957317;1
501;852838;0.909668;-0.448730;-0.054688;-0.335366;-0.030488;-2.713415;1
502;854531;0.901367;-0.451660;-0.047852;-0.426829;-0.030488;-2.926829;1
503;856221;0.910645;-0.438965;-0.055176;-0.182927;-0.182927;-2.865854;1
504;857910;0.911133;-0.453125;-0.041016;-0.640244;-0.396341;-3.109756;1
505;859599;0.913086;-0.448242;-0.050781;-0.670732;0.091463;-3.140244;1
506;861287;0.896484;-0.451172;-0.058105;-0.701220;0.213415;-3.079268;1
507;863012;0.888184;-0.457031;-0.062012;-0.579268;0.487805;-2.926829;1
508;864736;0.875488;-0.452148;-0.070801;-0.701220;0.243902;-3.140244;1
509;866461;0.896484;-0.445312;-0.072266;-0.701220;-0.121951;-3.201220;1
510;868171;0.918457;-0.447266;-0.053223;-0.426829;-0.426829;-3.170732;1
511;869861;0.914551;-0.437988;-0.044922;-0.518293;-0.152439;-3.079268;1
512;871552;0.909668;-0.442383;-0.048828;-0.670732;0.060976;-2.835366;1
513;873241;0.907715;-0.450195;-0.053223;-0.792683;0.335366;-3.323171;1
514;874929;0.916016;-0.447266;-0.032715;-0.975610;0.091463;-3.292683;1
515;876617;0.907715;-0.451172;-0.032715;-0.884146;0.000000;-3.170732;1
516;878309;0.905273;-0.447266;-0.042969;-0.914634;0.182927;-3.170732;1
517;879999;0.896973;-0.451172;-0.048340;-0.884146;0.243902;-3.079268;1
518;881688;0.877441;-0.451172;-0.062988;-0.975610;0.609756;-3.323171;1
519;883377;0.894531;-0.451660;-0.063477;-0.762195;0.182927;-3.201220;1
520;885066;0.916504;-0.435547;-0.057129;-0.670732;-0.030488;-3.231707;1
521;886754;0.910156;-0.439453;-0.062500;-0.853659;0.274390;-3.140244;1
522;888448;0.916992;-0.441406;-0.065918;-1.067073;0.426829;-3.079268;1
523;890137;0.908203;-0.447754;-0.045898;-1.006098;0.335366;-3.414634;1
524;891826;0.921875;-0.441406;-0.043457;-0.853659;-0.030488;-3.689024;1
525;893518;0.929688;-0.448730;-0.064453;-0.853659;0.060976;-3.506098;1
526;895205;0.921387;-0.452148;-0.055176;-0.975610;0.274390;-3.689024;1
527;896898;0.905273;-0.451172;-0.064453;-1.554878;0.304878;-3.841463;1
528;898592;0.890625;-0.450684;-0.071777;-1.432927;0.487805;-3.689024;1
529;900297;0.884766;-0.443359;-0.062500;-0.975610;0.579268;-3.536585;1
530;901984;0.891602;-0.444336;-0.076172;-0.914634;0.182927;-4.054878;1
531;903672;0.905273;-0.446289;-0.062988;-1.036585;0.060976;-3.871951;1
532;905365;0.904297;-0.437500;-0.058594;-1.585366;-0.091463;-3.597561;1
533;907055;0.917969;-0.438477;-0.059570;-1.493902;0.060976;-3.597561;1
534;908744;0.911621;-0.437012;-0.051270;-1.310976;0.243902;-3.841463;1
535;910430;0.922852;-0.440430;-0.047852;-1.341463;-0.060976;-3.841463;1
536;912118;0.920898;-0.445801;-0.050293;-1.341463;-0.121951;-4.420732;1
537;913810;0.933594;-0.443359;-0.058105;-1.341463;-0.121951;-4.512195;1
538;915495;0.922852;-0.442383;-0.047852;-1.646341;-0.030488;-4.603659;1
539;917180;0.934570;-0.450195;-0.047363;-1.524390;0.091463;-4.847561;1
540;918868;0.934570;-0.446777;-0.041992;-1.219512;-0.274390;-4.878049;1
541;920556;0.960449;-0.436523;-0.063477;-1.341463;-0.243902;-5.731707;1
542;922242;0.969727;-0.443359;-0.062988;-1.493902;-0.182927;-6.036585;1
543;923950;0.974609;-0.442383;-0.051270;-1.402439;0.152439;-6.402439;1
544;925643;0.966309;-0.435547;-0.051758;-1.341463;0.213415;-6.890244;1
545;927329;0.970215;-0.437988;-0.056641;-1.768293;-0.152439;-7.347561;1
546;929019;0.966797;-0.428223;-0.054688;-1.493902;0.000000;-8.292683;1
547;930717;0.962891;-0.446289;-0.062500;-1.859756;0.365854;-8.536585;1
548;932425;0.978027;-0.444824;-0.069824;-1.981707;0.182927;-9.146341;1
549;934137;0.967773;-0.448730;-0.072754;-2.195122;0.152439;-9.878049;1
550;936048;0.980957;-0.444336;-0.079102;-2.225610;0.182927;-10.243902;1
551;937754;0.999023;-0.432617;-0.069824;-2.012195;-0.152439;-11.097561;1
552;939452;1.016113;-0.432617;-0.071289;-2.164634;-0.304878;-12.164634;1
553;941147;1.033203;-0.439453;-0.048828;-2.256098;-0.213415;-12.804878;1
554;942847;1.058594;-0.422852;-0.069824;-2.195122;-0.426829;-13.963415;1
555;944544;1.063477;-0.427246;-0.051758;-2.378049;-0.243902;-15.121951;1
556;946238;1.064941;-0.429688;-0.057617;-2.500000;-0.243902;-15.975610;1
557;947951;1.078613;-0.422363;-0.056152;-2.439024;-0.304878;-17.378049;1
558;949642;1.106445;-0.427734;-0.043945;-2.286585;-0.914634;-18.871951;1
559;951331;1.126953;-0.423828;-0.049316;-2.317073;-0.853659;-20.487805;1
560;953022;1.146484;-0.422363;-0.064453;-2.926829;-0.823171;-22.286585;1
561;954712;1.183105;-0.422363;-0.090820;-2.743902;-0.945122;-24.329268;1
562;956404;1.217285;-0.420410;-0.078125;-2.621951;-1.067073;-26.432927;1
563;958091;1.218262;-0.425293;-0.071289;-2.835366;-0.945122;-28.384146;1
564;959780;1.214355;-0.418457;-0.078613;-2.896341;-1.067073;-30.945122;1
565;961469;1.217773;-0.415527;-0.066895;-2.865854;-1.006098;-33.292683;1
566;963159;1.222656;-0.411621;-0.065918;-3.292683;-1.189024;-35.487805;1
567;964850;1.232422;-0.417480;-0.062012;-3.262195;-1.036585;-37.926829;1
568;966538;1.242188;-0.426270;-0.057617;-3.292683;-1.097561;-40.457317;1
569;968224;1.239258;-0.417969;-0.067383;-3.628049;-1.250000;-42.713415;1
570;969912;1.232422;-0.421387;-0.074707;-3.780488;-1.128049;-45.426829;1
571;971600;1.253418;-0.424316;-0.071777;-3.780488;-1.067073;-47.987805;1
572;973291;1.257324;-0.413086;-0.076172;-4.054878;-1.737805;-50.762195;1
573;974981;1.235840;-0.416504;-0.081543;-4.115854;-1.158537;-53.018293;1
574;976666;1.230469;-0.415527;-0.071777;-3.871951;-1.158537;-55.152439;1
575;978352;1.245605;-0.405762;-0.078125;-4.451220;-1.737805;-57.713415;1
576;980060;1.276855;-0.410645;-0.074707;-4.786585;-2.042683;-61.036585;1
577;981751;1.248535;-0.427246;-0.069336;-4.756098;-1.463415;-63.262195;1
578;983441;1.256348;-0.407227;-0.072754;-4.969512;-1.128049;-65.396341;1
579;985129;1.277344;-0.404785;-0.077148;-5.213415;-1.859756;-68.109756;1
580;986816;1.286621;-0.418457;-0.076172;-5.884146;-1.951220;-71.371951;1
581;988504;1.287109;-0.443359;-0.058105;-5.335366;-1.615854;-73.750000;1
582;990195;1.303223;-0.414551;-0.069336;-5.365854;-1.707317;-76.402439;1
583;991886;1.275879;-0.422363;-0.049316;-5.975610;-1.951220;-79.664634;1
584;993577;1.294922;-0.407227;-0.095703;-6.250000;-2.042683;-82.347561;1
585;995265;1.276855;-0.421875;-0.082520;-6.524390;-1.859756;-84.939024;1
586;996952;1.254883;-0.421387;-0.069336;-6.250000;-1.707317;-87.347561;1
587;998641;1.259766;-0.406738;-0.078125;-6.615854;-2.042683;-90.060976;1
588;1000336;1.248047;-0.415527;-0.067871;-7.073171;-1.890244;-92.439024;1
589;1002027;1.223145;-0.421875;-0.068359;-6.829268;-1.676829;-94.908537;1
590;1003715;1.228516;-0.414551;-0.052734;-7.012195;-1.890244;-97.134146;1
591;1005403;1.226074;-0.421875;-0.067383;-7.560976;-2.134146;-99.176829;1
592;1007093;1.211426;-0.394531;-0.099609;-7.652439;-2.896341;-102.134146;1
593;1008781;1.212402;-0.432617;-0.053711;-7.652439;-2.256098;-103.750000;1
594;1010471;1.216309;-0.432617;-0.048340;-7.896341;-2.469512;-105.457317;1
595;1012158;1.356445;-0.303223;-0.240234;-8.231707;-3.689024;-108.628049;1
596;1013846;1.258789;-0.379883;-0.144043;-8.292683;-2.926829;-110.152439;1
597;1015535;1.243652;-0.480469;-0.021973;-9.176829;-4.024390;-113.262195;1
598;1017224;1.200684;-0.410645;-0.069824;-8.750000;-3.323171;-115.152439;1
599;1018913;1.196289;-0.396973;-0.082031;-9.054878;-2.073171;-116.189024;1
600;1020601;1.217773;-0.353516;-0.111328;-9.664634;-3.414634;-119.512195;1
601;1022293;1.177734;-0.340332;-0.105957;-9.603659;-3.353659;-121.768293;1
602;1023987;1.137695;-0.498047;0.054688;-9.298780;-2.378049;-122.256098;1
603;1025675;1.184570;-0.388672;-0.105469;-9.969512;-3.628049;-125.274390;1
604;1027367;1.144531;-0.395508;-0.116699;-9.756098;-2.347561;-126.310976;1
605;1029055;1.156738;-0.429688;-0.015625;-9.725610;-4.634146;-129.237805;1
606;1030743;1.252441;-0.192871;-0.309082;-10.396341;-4.146341;-130.030488;1
607;1032471;1.196289;-0.145020;-0.263672;-9.329268;-2.530488;-131.737805;1
608;1034364;1.028320;-0.242188;-0.145996;-9.207317;0.914634;-131.310976;1
609;1036089;0.947754;-0.189941;-0.333984;-10.213415;2.317073;-130.853659;1
610;1037785;1.158203;0.062012;-0.745117;-12.012195;-0.945122;-132.073171;1
611;1039495;1.188965;-0.097656;-0.521973;-10.060976;-4.420732;-132.134146;1
612;1041198;1.191895;-0.137695;-0.402344;-9.451220;-5.792683;-132.469512;1
613;1042902;1.310547;-0.095215;-0.379395;-10.213415;-5.426829;-133.384146;1
614;1044595;1.150391;-0.261230;-0.162109;-10.945122;-4.542683;-134.329268;1
615;1046283;1.232422;-0.318848;-0.083984;-11.097561;-4.695122;-135.945122;1
616;1047969;1.362793;-0.236328;-0.249023;-10.609756;-5.701220;-138.231707;1
617;1049666;1.301270;-0.422852;0.015137;-10.274390;-5.853659;-140.701220;1
618;1051357;1.338379;-0.342285;-0.095215;-10.823171;-4.695122;-143.475610;1
619;1053046;1.395996;-0.305664;-0.141602;-11.463415;-4.115854;-146.036585;1
620;1054737;1.405273;-0.334473;-0.052246;-10.548780;-5.945122;-149.024390;1
621;1056426;1.477539;-0.314453;-0.119141;-11.158537;-6.371951;-153.292683;1
622;1058132;1.448730;-0.363770;-0.113770;-12.134146;-4.573171;-156.310976;1
623;1059824;1.533203;-0.376953;-0.153809;-12.591463;-5.884146;-160.213415;1
624;1061514;1.533203;-0.395508;-0.068848;-12.195122;-6.432927;-165.030488;1
625;1063202;1.516602;-0.357422;-0.076660;-12.347561;-4.725610;-168.932927;1
626;1064891;1.401367;-0.354492;-0.079102;-13.048780;-2.682927;-171.737805;1
627;1066584;1.479492;-0.322266;-0.144043;-13.932927;-4.390244;-175.945122;1
628;1068287;1.537598;-0.342285;-0.103027;-13.902439;-6.524390;-180.640244;1
629;1069975;1.534668;-0.411133;-0.016602;-13.628049;-5.304878;-184.329268;1
630;1071662;1.458008;-0.371094;-0.085938;-14.146341;-3.841463;-187.926829;1
631;1073350;1.495117;-0.312500;-0.139648;-15.060976;-4.024390;-191.768293;1
632;1075041;1.432617;-0.360352;-0.068359;-15.396341;-4.847561;-195.823171;1
633;1076731;1.391602;-0.361816;-0.098145;-15.274390;-4.085366;-198.445122;1
634;1078430;1.429199;-0.332520;-0.160645;-15.731707;-5.213415;-202.286585;1
635;1080116;1.344727;-0.392578;-0.066406;-16.432927;-5.762195;-206.036585;1
636;1081806;1.293457;-0.351562;-0.095215;-16.737805;-3.445122;-206.798780;1
637;1083499;1.324707;-0.321777;-0.125000;-16.432927;-5.274390;-210.396341;1
638;1085190;1.302246;-0.353027;-0.071777;-16.524390;-6.067073;-213.810976;1
639;1086877;1.237793;-0.392578;-0.073242;-17.469512;-3.536585;-214.817073;1
640;1088605;1.255859;-0.375977;-0.105957;-18.140244;-4.451220;-216.920732;1
641;1090294;1.272461;-0.336914;-0.104492;-17.195122;-6.707317;-220.000000;1
642;1091986;1.178223;-0.376953;-0.027832;-17.317073;-4.390244;-221.219512;1
643;1093680;1.203613;-0.337891;-0.107422;-18.384146;-4.115854;-222.195122;1
644;1095368;1.171387;-0.319824;-0.069336;-18.140244;-5.975610;-224.481707;1
645;1097054;1.168945;-0.312988;-0.085449;-17.560976;-5.000000;-225.182927;1
646;1098743;1.179199;-0.291992;-0.098145;-17.682927;-5.945122;-226.676829;1
647;1100438;1.107910;-0.358398;-0.046387;-18.506098;-4.695122;-228.201220;1
648;1102129;1.039551;-0.343262;-0.139648;-18.902439;-4.207317;-227.195122;1
649;1103819;1.073730;-0.322754;-0.098145;-17.865854;-6.768293;-228.780488;1
650;1105507;1.074219;-0.272949;-0.085938;-17.621951;-6.402439;-229.451220;1
651;1107193;0.978027;-0.271973;-0.126465;-18.536585;-5.030488;-228.719512;1
652;1108886;1.025879;-0.297363;-0.094727;-18.719512;-5.548780;-228.993902;1
653;1110581;1.036621;-0.278809;-0.087402;-18.506098;-6.097561;-229.481707;1
654;1112268;0.949219;-0.300293;-0.072266;-18.170732;-5.518293;-228.993902;1
655;1113958;0.926758;-0.171875;-0.167969;-18.292683;-5.152439;-228.445122;1
656;1115646;1.020508;-0.264648;-0.111328;-18.780488;-7.621951;-228.597561;1
657;1117335;1.112305;-0.291504;-0.003906;-17.439024;-8.048780;-229.725610;1
658;1119023;0.832520;-0.313477;-0.020996;-17.621951;-3.963415;-228.018293;1
659;1120715;0.960938;-0.275391;-0.041016;-19.115854;-3.414634;-227.256098;1
660;1122404;0.971680;-0.217773;-0.119629;-18.902439;-5.579268;-227.713415;1
661;1124109;0.965820;-0.287598;-0.047363;-18.048780;-6.371951;-226.981707;1
662;1125804;0.923828;-0.142090;-0.134766;-17.896341;-6.676829;-227.560976;1
663;1127495;0.801758;-1.691895;0.564941;-20.091463;3.140244;-219.542683;1
664;1129183;0.575195;-0.041504;-0.950684;-24.329268;11.981707;-227.286585;1
665;1130875;-0.473145;0.529785;-1.365234;-20.457317;44.390244;-200.670732;1
666;1132564;-1.300293;-0.069336;-0.263184;-15.640244;38.292683;-181.189024;1
667;1134257;-0.564941;-0.016113;-0.182617;-22.134146;-12.286585;-194.146341;1
668;1135953;0.096680;-0.103027;-0.186523;-28.231707;-39.969512;-185.884146;1
669;1137643;0.154297;-0.065430;0.439941;-16.493902;-23.170732;-168.414634;1
670;1139327;0.270996;0.056641;0.356934;-18.536585;-2.774390;-156.524390;1
671;1141120;0.268555;-0.163086;0.257812;-22.530488;-4.085366;-154.542683;1
672;1142833;0.430176;-0.056641;0.103516;-16.676829;-11.493902;-152.439024;1
673;1144532;0.555664;-0.053223;0.120117;-13.414634;-11.432927;-147.103659;1
674;1146220;0.699707;-0.081055;0.063965;-14.634146;-7.073171;-142.225610;1
675;1147910;0.741699;-0.041016;-0.034668;-15.487805;-4.268293;-139.939024;1
676;1149598;0.729980;-0.069336;-0.076172;-14.725610;-4.085366;-137.530488;1
677;1151292;0.817383;-0.080078;-0.005859;-12.317073;-7.804878;-136.097561;1
678;1152991;0.864746;0.051270;-0.189453;-12.103659;-9.420732;-134.695122;1
679;1154697;0.818359;0.128418;-0.290527;-12.500000;-5.182927;-130.274390;1
680;1156384;0.926758;0.011230;-0.061035;-11.067073;-7.317073;-130.762195;1
681;1158070;0.898926;0.010742;0.087402;-10.853659;-9.207317;-132.591463;1
682;1159757;0.899902;-0.023438;0.141602;-10.823171;-5.792683;-130.579268;1
683;1161448;0.887695;0.011719;0.121094;-9.939024;-3.810976;-129.786585;1
684;1163139;1.053223;0.195312;-0.014648;-7.012195;-2.926829;-127.865854;1
685;1164825;2.715820;-0.038086;0.450195;-2.012195;-19.603659;-142.500000;1
686;1166507;2.189453;0.031250;0.584473;-6.341463;-12.591463;-163.567073;1
687;1168192;0.320801;-0.092285;-0.194824;-14.908537;68.567073;-133.506098;1
688;1169876;-0.608398;0.080078;-0.257812;0.884146;85.000000;-108.597561;1
689;1171561;-0.062500;0.320801;-0.663086;2.774390;5.365854;-121.737805;1
690;1173250;-1.325684;0.876953;-1.326660;-1.463415;-43.932927;-121.310976;1
691;1174945;-6.184082;-3.835938;2.314941;-29.603659;-11.128049;-91.859756;1
692;1176638;-6.168945;-2.748535;-1.509766;-23.597561;96.890244;-15.121951;1
693;1178327;-2.715332;0.708496;0.584961;91.189024;164.329268;17.256098;1
694;1180012;-1.208984;2.285645;2.562012;74.603659;-34.817073;-3.963415;1
695;1181702;0.848145;1.177246;0.563477;-48.993902;-180.182927;9.817073;1
696;1183392;2.187012;-0.309570;-0.464844;-79.237805;-181.646341;-23.323171;1
697;1185083;2.677246;-0.952637;-1.435059;-56.890244;-127.256098;-9.725610;1
698;1186775;2.456055;-0.528809;-0.931641;2.195122;-26.768293;10.457317;1
699;1188462;1.488281;0.412109;0.329102;29.817073;38.810976;10.091463;1
700;1190149;0.688965;0.292969;0.452148;0.884146;30.945122;9.451220;1
701;1191840;0.528809;0.040527;0.287109;-10.792683;10.091463;-2.835366;1
702;1193536;0.907227;-0.038574;0.047363;-1.676829;-6.189024;-6.798780;1
703;1195227;1.254883;0.116211;-0.068848;3.536585;-11.219512;-1.920732;1
704;1196915;0.967773;0.071777;0.057617;2.408537;1.524390;-0.884146;1
705;1198601;0.864258;0.058105;-0.099609;-0.152439;8.414634;0.213415;1
706;1200287;0.840820;-0.147949;-0.056152;-2.896341;1.189024;-2.804878;1
707;1201978;1.006348;0.126953;0.197266;7.408537;-7.500000;-2.743902;1
708;1203668;1.043945;0.360352;-0.094238;9.573171;-2.530488;1.951220;1
709;1205358;0.977539;0.170898;-0.339844;-2.957317;9.664634;-0.060976;1
710;1207044;0.898438;-0.103027;-0.411621;-6.250000;7.103659;-2.408537;1
711;1208737;0.936035;-0.129883;-0.471680;-3.201220;-2.682927;-2.439024;1
712;1210428;0.883301;0.057617;0.396484;7.713415;-3.871951;1.859756;1
713;1212122;0.857422;0.314453;0.933105;16.310976;-9.756098;2.408537;1
714;1213811;1.539551;0.388672;0.255371;1.890244;-11.067073;-4.420732;1
715;1215498;1.305176;-0.055664;-0.462891;-10.426829;6.798780;-6.158537;1
716;1217186;0.649414;-0.179199;-0.661133;-3.658537;23.384146;2.286585;1
717;1218882;0.489746;0.065918;-0.409180;6.798780;13.506098;5.609756;1
718;1220570;0.917480;0.224609;-0.180176;5.670732;-10.000000;-0.792683;1
719;1222257;1.150879;0.118652;0.235840;1.951220;-20.792683;-5.975610;1
720;1223946;1.270996;0.173828;0.194824;2.896341;-7.469512;-1.310976;1
721;1225633;0.942871;0.147461;-0.009277;1.829268;11.798780;3.170732;1
722;1227324;0.891113;0.127441;-0.277832;-0.579268;14.542683;2.195122;1
723;1229012;1.025391;0.049316;-0.334473;-0.945122;1.646341;-1.981707;1
724;1230700;1.140625;0.031250;-0.234375;1.006098;-5.060976;-2.500000;1
725;1232388;1.045410;0.062500;0.007324;2.439024;-2.743902;-1.128049;1
726;1234078;0.900879;0.087891;0.130859;2.591463;1.158537;0.243902;1
727;1235767;0.908691;0.136230;0.132324;2.957317;0.579268;-0.091463;1
728;1237455;1.074707;0.139160;-0.041992;1.737805;-1.676829;-1.432927;1
729;1239143;1.081543;0.069336;-0.203125;-0.823171;0.945122;-1.951220;1
730;1240837;1.014648;0.058594;-0.243164;-0.579268;4.054878;-0.426829;1
731;1242569;0.948730;0.085449;-0.155762;1.737805;1.890244;0.060976;1
732;1244301;0.965332;0.103516;-0.048828;2.134146;-1.524390;-0.945122;1
733;1245998;1.002441;0.093750;0.012207;2.042683;-2.408537;-1.402439;1
734;1247686;1.004883;0.108887;-0.001465;1.981707;-0.396341;-0.396341;1
735;1249375;0.989258;0.105957;-0.039551;1.615854;1.890244;-0.030488;1
736;1251064;1.002930;0.091309;-0.062012;1.128049;1.798780;-0.548780;1
737;1252806;1.010742;0.067871;-0.098145;1.158537;1.158537;-0.823171;1
738;1254495;0.977051;0.070312;-0.101562;1.707317;1.859756;-0.518293;1
739;1256184;0.973145;0.090820;-0.059082;2.591463;1.524390;-0.121951;1
740;1257870;1.009277;0.102539;-0.071777;2.652439;0.701220;-0.487805;1
741;1259558;1.048340;0.108887;-0.078125;2.408537;0.304878;-0.762195;1
742;1261248;1.024902;0.097168;-0.102539;1.737805;1.615854;-0.426829;1
743;1262946;0.960938;0.083984;-0.135254;1.158537;3.079268;-0.121951;1
744;1264635;0.962891;0.081543;-0.120117;1.829268;1.981707;-0.487805;1
745;1267999;1.048340;0.096191;-0.058594;2.012195;-0.243902;-0.640244;0
746;1269661;1.025879;0.089844;-0.056152;2.012195;0.701220;-0.396341;0
747;1271416;0.996094;0.088867;-0.085938;1.707317;2.042683;-0.335366;0
748;1273311;1.003906;0.105469;-0.104980;1.432927;1.341463;-0.548780;0
749;1274970;1.020996;0.087402;-0.074219;1.371951;0.274390;-0.518293;0
750;1276618;1.041016;0.095703;-0.093750;1.189024;0.243902;-1.067073;0
751;1278265;1.014160;0.092773;-0.106445;0.914634;0.609756;-0.701220;0
752;1279911;0.966309;0.091309;-0.104004;1.097561;1.554878;-0.182927;0
753;1281558;0.963867;0.091797;-0.079102;1.432927;0.640244;-0.640244;0
754;1283209;1.002930;0.106934;-0.046875;1.920732;-0.640244;-0.762195;0
755;1284859;1.020020;0.101074;-0.028320;1.524390;-0.213415;-0.609756;0
756;1286505;1.003906;0.091309;-0.029297;1.280488;1.189024;-0.457317;0
757;1288151;0.976562;0.091309;-0.077148;1.341463;2.317073;-0.152439;0
758;1289796;0.954590;0.085449;-0.104492;1.676829;2.652439;-0.304878;0
759;1291444;1.001953;0.098145;-0.094238;1.798780;1.920732;-0.335366;0
760;1293095;1.031738;0.095215;-0.069336;1.798780;1.280488;-0.640244;0
761;1294744;1.037598;0.100586;-0.052246;1.829268;1.554878;-0.609756;0
762;1296390;1.023926;0.108887;-0.069824;1.951220;2.012195;-0.487805;0
763;1298036;1.003418;0.107422;-0.122559;1.219512;2.530488;-0.548780;0
764;1299682;1.007324;0.084473;-0.153320;0.457317;2.164634;-0.365854;0
765;1301330;1.020996;0.070312;-0.135742;0.762195;0.335366;-0.884146;0
766;1302985;1.037109;0.091309;-0.084961;1.676829;-0.640244;-1.067073;0
767;1304647;1.031250;0.098633;-0.041016;1.737805;-0.518293;-1.006098;0
768;1306302;0.995605;0.100586;-0.054688;0.884146;0.579268;-0.823171;0
769;1307975;0.970215;0.088867;-0.090820;0.609756;1.524390;-0.640244;0
770;1309631;0.985352;0.076172;-0.094727;0.884146;0.487805;-0.670732;0
771;1311286;1.017578;0.091309;-0.075684;1.341463;-0.609756;-1.097561;0
772;1312944;1.035156;0.097168;-0.082031;1.219512;-0.701220;-1.158537;0
773;1314604;1.010742;0.099121;-0.092773;1.158537;0.518293;-1.097561;0
774;1316263;0.974121;0.087402;-0.090820;0.975610;1.006098;-0.792683;0
775;1317917;0.988770;0.086426;-0.075684;1.189024;0.091463;-0.701220;0
776;1319571;1.014160;0.100098;-0.044434;1.585366;-1.067073;-0.945122;0
777;1321226;1.020996;0.097168;-0.065430;1.463415;-0.640244;-1.189024;0
778;1322893;1.001953;0.099121;-0.085938;0.884146;0.579268;-0.914634;0
779;1324551;0.987793;0.076660;-0.098633;0.579268;0.945122;-0.731707;0
780;1326206;0.984375;0.076660;-0.096680;0.884146;0.152439;-0.884146;0
781;1327859;1.013672;0.098145;-0.056152;1.768293;-0.762195;-0.975610;0
782;1329513;1.009766;0.104492;-0.066895;1.463415;-0.640244;-1.250000;0
783;1331168;1.002441;0.096191;-0.056641;0.914634;0.091463;-0.853659;0
784;1332834;0.978516;0.093750;-0.086914;0.853659;0.914634;-0.762195;0
785;1334492;0.986328;0.089355;-0.082520;1.097561;0.701220;-0.945122;0
786;1336146;1.015137;0.094727;-0.072754;1.128049;-0.365854;-1.189024;0
787;1337800;1.029785;0.098633;-0.074219;1.219512;-0.731707;-1.036585;0
788;1339455;1.003418;0.094238;-0.100098;0.731707;0.213415;-0.884146;0
789;1341389;0.983398;0.091797;-0.091309;1.036585;0.884146;-0.884146;0
790;1343050;0.978027;0.086426;-0.083984;1.067073;-0.060976;-0.823171;0
791;1344714;1.018555;0.101562;-0.065918;1.493902;-0.701220;-1.006098;0
792;1346380;1.029785;0.098145;-0.067383;1.006098;-0.304878;-1.097561;0
793;1348042;1.007324;0.086426;-0.079102;0.579268;0.640244;-0.853659;0
794;1349698;0.979004;0.099609;-0.104980;0.914634;1.189024;-0.670732;0
795;1351354;0.989258;0.088867;-0.079590;1.036585;0.121951;-0.762195;0
796;1353012;1.014160;0.098633;-0.055176;1.371951;-0.823171;-0.792683;0
797;1354667;1.023438;0.100098;-0.056152;1.371951;-0.884146;-0.975610;0
798;1356323;1.001953;0.090820;-0.087402;1.067073;0.121951;-1.219512;0
799;1357978;0.983887;0.089844;-0.082031;0.701220;1.067073;-0.731707;0
800;1359632;0.981445;0.096191;-0.081543;0.884146;0.213415;-0.792683;0
801;1361288;1.014160;0.088867;-0.064453;1.219512;-0.487805;-1.189024;0
802;1362964;1.019531;0.095703;-0.067383;1.067073;-0.518293;-1.280488;0
803;1364622;1.015625;0.089355;-0.074219;0.823171;0.152439;-0.884146;0
804;1366277;0.988770;0.091309;-0.091309;0.823171;0.670732;-0.853659;0
805;1367931;0.992188;0.092773;-0.099609;0.884146;0.365854;-0.792683;0
806;1369586;1.006836;0.097168;-0.086914;0.945122;-0.365854;-0.884146;0
807;1371243;1.033203;0.097168;-0.056641;1.280488;-0.701220;-1.189024;0
808;1372912;1.012695;0.092773;-0.061035;1.097561;-0.243902;-0.884146;0
809;1374569;0.984863;0.083008;-0.078613;0.853659;0.609756;-0.762195;0
810;1376223;0.984375;0.092285;-0.099121;0.762195;0.731707;-0.853659;0
811;1377879;1.007812;0.077637;-0.098145;1.219512;0.060976;-0.945122;0
812;1379534;1.028809;0.089844;-0.078613;1.371951;-0.792683;-0.975610;0
813;1381189;1.016602;0.096191;-0.064941;1.067073;-0.609756;-1.036585;0
814;1382861;0.992676;0.091797;-0.068848;1.189024;0.121951;-0.945122;0
815;1384520;0.985352;0.088379;-0.078125;0.823171;0.609756;-0.731707;0
816;1386178;1.000000;0.095215;-0.097168;0.945122;0.396341;-0.975610;0
817;1387833;1.014160;0.095703;-0.084961;1.097561;-0.121951;-1.006098;0
818;1389488;1.019531;0.097656;-0.064453;1.250000;-0.518293;-0.945122;0
819;1391142;0.998047;0.097656;-0.055664;1.128049;-0.121951;-1.097561;0
820;1392813;0.986816;0.090820;-0.072266;0.945122;0.396341;-0.853659;0
821;1394470;0.994141;0.088379;-0.094727;1.402439;0.335366;-0.975610;0
822;1396139;1.009277;0.094238;-0.079102;0.823171;-0.243902;-1.097561;0
823;1397794;1.014160;0.091797;-0.080566;1.067073;-0.335366;-0.945122;0
824;1399448;1.014648;0.095703;-0.067871;1.250000;-0.091463;-1.067073;0
825;1401102;0.993164;0.104492;-0.070801;0.975610;0.213415;-0.884146;0
826;1402862;0.989746;0.096191;-0.079590;0.945122;0.121951;-0.914634;0
827;1404521;0.996582;0.086426;-0.083008;1.036585;0.060976;-0.945122;0
828;1406176;1.019531;0.091309;-0.071777;1.128049;-0.243902;-1.036585;0
829;1407830;1.020508;0.092773;-0.072754;1.097561;-0.396341;-0.975610;0
830;1409485;1.000000;0.090820;-0.072266;1.128049;0.152439;-0.823171;0
831;1411144;0.989258;0.083984;-0.077148;1.128049;0.518293;-0.670732;0
832;1412809;0.990723;0.086426;-0.081543;0.823171;0.304878;-0.884146;0
833;1414460;1.014160;0.092285;-0.084473;0.762195;-0.182927;-1.128049;0
834;1416106;1.024414;0.091797;-0.069824;1.097561;-0.182927;-1.189024;0
835;1417754;1.002441;0.096680;-0.083008;1.006098;0.182927;-0.884146;0
836;1419401;0.981445;0.093750;-0.083008;0.945122;0.396341;-0.853659;0
837;1421050;0.987793;0.097656;-0.075684;0.914634;0.335366;-0.762195;0
838;1422699;1.011719;0.096680;-0.084473;0.975610;-0.121951;-0.884146;0
839;1424362;1.022461;0.098633;-0.068359;1.219512;-0.396341;-1.036585;0
840;1426017;1.011719;0.100586;-0.070801;0.945122;0.213415;-0.975610;0
841;1427671;0.985840;0.096191;-0.077148;0.823171;0.426829;-0.670732;0
842;1429327;0.987305;0.096191;-0.090820;0.975610;0.274390;-0.914634;0
843;1430981;0.999512;0.097168;-0.088867;1.006098;-0.060976;-1.036585;0
844;1432637;1.019043;0.089355;-0.058105;1.128049;-0.457317;-1.067073;0
845;1434308;1.003906;0.096191;-0.063477;1.280488;-0.182927;-1.097561;0
846;1435964;0.991211;0.094727;-0.068359;1.097561;0.426829;-0.945122;0
847;1437619;0.982910;0.085449;-0.081055;0.701220;0.548780;-0.670732;0
848;1439273;0.991211;0.092773;-0.085938;1.128049;-0.121951;-0.731707;0
849;1440928;1.016602;0.098633;-0.070801;1.250000;-0.548780;-1.097561;0
850;1442907;1.025391;0.096191;-0.061523;1.097561;-0.335366;-1.067073;0
851;1444575;0.993652;0.096680;-0.076660;0.823171;0.335366;-0.792683;0
852;1446233;0.992676;0.089844;-0.079102;0.823171;0.091463;-0.640244;0
853;1447894;1.006348;0.080078;-0.079102;1.189024;-0.274390;-1.067073;0
854;1449555;1.011719;0.089844;-0.090820;1.128049;-0.487805;-1.158537;0
855;1451214;1.014160;0.102539;-0.062988;1.036585;-0.213415;-1.219512;0
856;1452881;1.013672;0.098633;-0.073730;1.250000;0.396341;-0.945122;0
857;1454539;0.982910;0.096191;-0.081543;0.975610;0.640244;-0.853659;0
858;1456193;0.999023;0.092773;-0.073242;0.701220;0.152439;-0.975610;0
859;1457853;1.004395;0.099609;-0.080566;0.823171;-0.457317;-1.067073;0
860;1459512;1.015137;0.094238;-0.073730;1.310976;-0.487805;-1.006098;0
861;1461168;1.003906;0.090820;-0.066406;1.128049;-0.030488;-0.792683;0
862;1462834;0.988770;0.094727;-0.082031;1.006098;0.396341;-0.884146;0
863;1464492;0.993652;0.090332;-0.080566;1.128049;0.335366;-0.945122;0
864;1466146;1.001953;0.089844;-0.064941;1.128049;-0.274390;-1.067073;0
865;1467802;1.016113;0.092773;-0.081543;0.945122;0.060976;-1.097561;0
866;1469457;1.003906;0.097168;-0.075195;0.701220;0.030488;-1.158537;0
867;1471110;0.994629;0.092285;-0.083008;0.975610;0.365854;-1.006098;0
868;1472774;0.997559;0.085938;-0.083496;0.975610;0.274390;-0.670732;0
869;1474431;1.007324;0.096680;-0.084473;1.158537;-0.030488;-0.945122;0
870;1476087;1.020996;0.096191;-0.077148;1.128049;-0.396341;-0.914634;0
871;1477814;1.004395;0.083008;-0.060547;1.067073;-0.060976;-1.158537;0
872;1479470;0.983398;0.101562;-0.072266;0.945122;0.335366;-0.914634;0
873;1481127;0.996582;0.088379;-0.080566;0.914634;0.213415;-0.823171;0
874;1482793;1.006348;0.089844;-0.079102;1.006098;-0.091463;-1.158537;0
875;1484450;1.015625;0.090820;-0.086426;1.006098;-0.243902;-1.189024;0
876;1486106;1.008789;0.085449;-0.070801;0.762195;0.060976;-1.006098;0
877;1487760;0.995117;0.091309;-0.075195;0.945122;0.487805;-0.823171;0
878;1489415;0.986328;0.101562;-0.075195;1.006098;0.121951;-0.762195;0
879;1491070;1.000488;0.094238;-0.085938;0.884146;-0.060976;-0.914634;0
880;1492726;1.000488;0.090332;-0.083496;0.975610;-0.426829;-1.158537;0
881;1494390;1.012695;0.088867;-0.069824;1.158537;-0.091463;-0.884146;0
882;1496046;1.003906;0.094238;-0.076172;1.158537;0.335366;-0.945122;0
883;1497701;0.983398;0.087891;-0.066895;0.731707;0.182927;-0.792683;0
884;1499357;1.001953;0.094238;-0.074707;0.914634;-0.030488;-0.914634;0
885;1501013;1.009766;0.091309;-0.072266;0.945122;-0.274390;-0.975610;0
886;1502668;1.015625;0.092285;-0.076660;1.036585;-0.060976;-1.006098;0
887;1504336;0.996582;0.093750;-0.074707;0.945122;0.030488;-0.792683;0
888;1505996;0.989258;0.099121;-0.078613;1.158537;0.365854;-0.762195;0
889;1507653;0.997070;0.090332;-0.077637;1.158537;0.304878;-0.731707;0
890;1509307;1.006836;0.084473;-0.072266;1.158537;0.060976;-1.036585;0
891;1510962;1.013672;0.093750;-0.077148;1.097561;-0.030488;-0.975610;0
892;1512617;0.999023;0.099121;-0.091797;1.036585;0.152439;-1.006098;0
893;1514284;0.996094;0.087402;-0.075684;1.097561;-0.060976;-0.823171;0
894;1515938;0.994141;0.097656;-0.077637;1.006098;0.182927;-0.975610;0
895;1517594;1.000000;0.095703;-0.079590;0.945122;-0.121951;-0.670732;0
896;1519249;1.017090;0.100098;-0.077637;1.219512;-0.243902;-0.792683;0
897;1520903;1.007812;0.080078;-0.083984;0.945122;0.121951;-0.731707;0
898;1522559;1.000000;0.087402;-0.069824;1.128049;0.152439;-1.036585;0
899;1524231;0.997070;0.094727;-0.078125;1.006098;0.030488;-0.975610;0
900;1525886;1.002441;0.099121;-0.083984;1.067073;-0.030488;-0.823171;0
901;1527540;1.003418;0.091309;-0.081055;1.158537;-0.182927;-1.006098;0
902;1529198;1.007324;0.092285;-0.074707;0.914634;-0.060976;-1.158537;0
903;1530854;1.002930;0.091797;-0.068848;1.250000;0.396341;-1.097561;0
904;1532524;1.000488;0.090820;-0.082031;1.250000;0.030488;-0.945122;0
905;1534250;0.996582;0.089844;-0.073730;1.067073;0.000000;-0.640244;0
906;1535905;1.002930;0.092773;-0.067383;0.884146;-0.121951;-0.762195;0
907;1537560;1.012695;0.084961;-0.067871;0.975610;0.030488;-1.006098;0
908;1539216;1.003906;0.089844;-0.086426;1.097561;-0.182927;-0.701220;0
909;1540870;1.002441;0.090332;-0.085938;1.067073;0.060976;-0.823171;0
910;1542524;0.997559;0.087402;-0.077637;0.914634;0.365854;-0.945122;0
911;1544195;0.998535;0.089355;-0.080566;0.884146;-0.091463;-0.823171;0
912;1545849;1.007324;0.092285;-0.085938;1.036585;-0.091463;-0.853659;0
913;1547504;1.006348;0.088379;-0.059570;1.067073;0.152439;-1.189024;0
914;1549227;1.005859;0.096680;-0.065918;1.219512;0.304878;-0.701220;0
915;1550895;0.995117;0.096680;-0.085449;0.945122;0.030488;-1.036585;0
916;1552550;0.995605;0.089355;-0.073730;1.006098;0.152439;-0.945122;0
917;1554222;1.007324;0.087891;-0.076172;1.128049;-0.060976;-0.914634;0
918;1555880;1.006836;0.091797;-0.081055;1.158537;-0.121951;-0.853659;0
919;1557538;1.004883;0.100586;-0.077148;1.341463;-0.091463;-1.189024;0
920;1559194;1.002930;0.089355;-0.083984;0.823171;0.274390;-0.975610;0
921;1560850;1.002930;0.092285;-0.091309;0.823171;0.274390;-1.036585;0
922;1562505;1.002930;0.097168;-0.081543;1.067073;-0.030488;-1.128049;0
923;1564295;1.013672;0.097168;-0.072754;1.189024;-0.243902;-0.823171;0
924;1565953;1.009766;0.092773;-0.070801;1.158537;-0.030488;-0.731707;0
925;1567609;0.999512;0.097168;-0.072266;0.884146;0.365854;-0.823171;0
926;1569265;0.995117;0.091309;-0.080566;0.914634;0.182927;-1.067073;0
927;1570922;1.004883;0.098145;-0.085938;0.914634;0.060976;-1.219512;0
928;1572578;1.012695;0.090332;-0.075195;1.097561;-0.243902;-0.823171;0
929;1574247;1.007324;0.096191;-0.079102;1.128049;-0.304878;-1.189024;0
930;1575904;0.992188;0.092285;-0.082031;0.823171;0.274390;-0.884146;0
931;1577561;0.996582;0.092773;-0.084473;0.823171;0.426829;-0.853659;0
932;1579218;1.004395;0.088379;-0.086914;0.823171;0.304878;-0.945122;0
933;1580875;1.011230;0.095703;-0.070801;0.853659;-0.487805;-1.128049;0
934;1582530;1.015137;0.097656;-0.063477;0.945122;-0.182927;-0.945122;0
935;1584195;1.000488;0.090820;-0.078125;0.945122;0.243902;-0.884146;0
936;1585853;0.992676;0.081543;-0.063965;1.067073;0.274390;-0.914634;0
937;1587511;0.999512;0.089844;-0.075684;0.945122;-0.091463;-0.792683;0
938;1589167;1.002441;0.102051;-0.081055;0.823171;-0.274390;-0.884146;0
939;1590823;1.002441;0.092285;-0.059570;0.975610;-0.304878;-1.036585;0
940;1592479;0.998047;0.086426;-0.050781;0.823171;0.091463;-1.097561;0
941;1594136;1.000488;0.094238;-0.066406;0.914634;0.060976;-1.006098;0
942;1595795;0.990723;0.094727;-0.054199;1.006098;0.000000;-1.006098;0
943;1597452;1.000000;0.085938;-0.078125;0.975610;-0.152439;-0.945122;0
944;1599108;1.013672;0.091309;-0.079590;0.823171;-0.091463;-0.792683;0
945;1600764;1.002441;0.090820;-0.075684;1.067073;-0.121951;-0.945122;0
946;1602419;1.004395;0.085449;-0.073242;0.823171;0.213415;-1.128049;0
947;1604077;0.994629;0.085938;-0.068848;0.945122;0.182927;-0.853659;0
948;1605735;1.006348;0.085938;-0.078613;1.158537;-0.182927;-1.036585;0
949;1607392;1.013672;0.095703;-0.067383;1.219512;-0.365854;-1.067073;0
950;1609048;1.002441;0.082031;-0.088867;1.067073;0.152439;-1.036585;0
951;1610706;1.000488;0.080566;-0.063477;1.097561;0.457317;-1.006098;0
952;1612379;0.998535;0.097656;-0.073730;0.975610;0.152439;-0.945122;0
953;1614036;0.990723;0.093750;-0.066895;1.097561;-0.243902;-0.853659;0
954;1615693;1.003906;0.086914;-0.070801;1.097561;0.000000;-1.067073;0
955;1617350;1.010742;0.086914;-0.072266;1.097561;0.091463;-0.884146;0
956;1619008;0.996582;0.087891;-0.079102;1.067073;0.152439;-0.731707;0
957;1620664;0.992676;0.096191;-0.077148;0.975610;0.030488;-1.036585;0
958;1622320;1.000000;0.096191;-0.066895;1.189024;-0.152439;-1.006098;0
959;1623976;1.017578;0.091797;-0.074219;1.250000;-0.091463;-0.914634;0
960;1625634;1.017090;0.106934;-0.081055;1.067073;-0.060976;-1.067073;0
961;1627290;1.012695;0.097656;-0.090820;0.975610;0.274390;-1.128049;0
962;1628948;0.993652;0.091309;-0.076660;1.097561;0.396341;-0.762195;0
963;1630604;1.012695;0.095703;-0.073730;1.250000;0.000000;-0.731707;0
964;1632260;1.002930;0.094727;-0.080566;1.310976;-0.030488;-1.250000;0
965;1633916;1.006836;0.093750;-0.062988;0.823171;0.030488;-0.914634;0
966;1635573;0.993164;0.087402;-0.074707;0.914634;0.335366;-0.945122;0
967;1637230;0.979980;0.078613;-0.063477;0.884146;0.091463;-0.975610;0
968;1638887;0.988770;0.082031;-0.070801;0.853659;-0.091463;-0.823171;0
969;1640543;0.997559;0.080566;-0.062988;1.189024;-0.274390;-0.975610;0
970;1642199;0.994141;0.096191;-0.069824;0.914634;-0.152439;-0.792683;0
971;1643855;0.988281;0.080566;-0.066406;0.792683;0.091463;-0.884146;0
972;1645512;1.002441;0.100098;-0.083496;1.158537;0.274390;-0.853659;0
973;1647176;1.014160;0.117188;-0.107910;1.097561;-0.182927;-1.067073;0
974;1648843;1.020996;0.118164;-0.113770;0.945122;-0.030488;-1.128049;0
975;1650500;1.016113;0.125488;-0.118652;1.097561;0.182927;-0.701220;0
976;1652171;1.012695;0.105469;-0.107910;0.914634;0.060976;-0.792683;0
977;1653829;1.016113;0.119141;-0.100098;1.097561;-0.182927;-1.067073;0
978;1655490;1.003418;0.094727;-0.064453;1.036585;-0.274390;-1.219512;0
979;1657146;0.989746;0.088379;-0.067871;1.128049;-0.060976;-0.823171;0
980;1658803;0.988281;0.089844;-0.066895;0.853659;0.121951;-0.853659;0
981;1660460;0.982422;0.070312;-0.046875;1.036585;0.060976;-0.823171;0
982;1662116;0.986328;0.066406;-0.049316;1.128049;-0.335366;-1.128049;0
983;1663815;0.991211;0.063477;-0.019043;1.067073;-0.365854;-0.853659;0
984;1665465;0.988770;0.076172;-0.059570;1.219512;0.060976;-1.128049;0
985;1667114;0.988281;0.104980;-0.108398;0.945122;0.182927;-0.853659;0
986;1668763;0.997559;0.085938;-0.093750;1.006098;0.152439;-0.853659;0
987;1670411;1.026367;0.121094;-0.115723;0.945122;0.091463;-1.189024;0
988;1672064;1.017578;0.118652;-0.099121;0.914634;-0.030488;-1.128049;0
989;1673722;1.025391;0.150879;-0.138672;1.219512;0.213415;-1.128049;0
990;1675390;1.014648;0.138672;-0.131348;1.006098;0.000000;-0.762195;0
991;1677048;1.018555;0.144531;-0.143555;0.945122;-0.091463;-0.731707;0
992;1678703;1.005371;0.125977;-0.093262;1.067073;-0.274390;-0.975610;0
993;1680360;1.021973;0.133789;-0.106934;1.189024;-0.213415;-0.975610;0
994;1682017;0.997070;0.087891;-0.070801;1.128049;0.243902;-0.975610;0
